"abalone_id","gender","length","diameter","height","whole_weight","shucked_weight","viscera_weight","shell_weight","rings","collector","collector_first","collector_last","collector_organization","water","water_region","feb_temp"
"8",F,"0.545","0.425","0.125","0.768","0.294","0.1495","0.26","16","4",Nate,Craig,NOAA Fisheries,"8",West Coast,"12.3"
"13",M,"0.49","0.38","0.135","0.5415","0.2175","0.095","0.19","11","12",Rebecca,Bennett,University of Houston,"8",West Coast,"12.3"
"15",F,"0.47","0.355","0.1","0.4755","0.1675","0.0805","0.185","10","8",Kali,Metcalfe,Mote Marine Laboratory,"8",West Coast,"12.3"
"20",M,"0.45","0.32","0.1","0.381","0.1705","0.075","0.115","9","4",Nate,Craig,NOAA Fisheries,"8",West Coast,"12.3"
"22",I,"0.38","0.275","0.1","0.2255","0.08","0.049","0.085","10","2",Tiegan,Davie,"University of California, Davis","8",West Coast,"12.3"
"23",F,"0.565","0.44","0.155","0.9395","0.4275","0.214","0.27","12","8",Kali,Metcalfe,Mote Marine Laboratory,"8",West Coast,"12.3"
"24",F,"0.55","0.415","0.135","0.7635","0.318","0.21","0.2","9","7",Iona,Connolly,Florida Atlantic University,"8",West Coast,"12.3"
"27",F,"0.58","0.45","0.185","0.9955","0.3945","0.272","0.285","11","14",Santiago,Vaughan,Ohio State University	,"8",West Coast,"12.3"
"32",F,"0.68","0.56","0.165","1.639","0.6055","0.2805","0.46","15","12",Rebecca,Bennett,University of Houston,"8",West Coast,"12.3"
"36",M,"0.465","0.355","0.105","0.4795","0.227","0.124","0.125","8","3",Inaya,Bernard,Stanford University,"8",West Coast,"12.3"
"56",F,"0.5","0.4","0.14","0.6615","0.2565","0.1755","0.22","8","1",Jan,Odom,University of Houston,"8",West Coast,"12.3"
"59",I,"0.245","0.19","0.06","0.086","0.042","0.014","0.025","4","12",Rebecca,Bennett,University of Houston,"8",West Coast,"12.3"
"70",I,"0.31","0.235","0.07","0.151","0.063","0.0405","0.045","6","5",Haniya,Talley,Prince William Sound Science Center,"8",West Coast,"12.3"
"80",F,"0.615","0.475","0.17","1.1025","0.4695","0.2355","0.345","14","15",Conan,Dalton,University of Houston,"8",West Coast,"12.3"
"84",M,"0.595","0.475","0.16","1.3175","0.408","0.234","0.58","21","10",Hazel,Villa,University of Minnesota,"8",West Coast,"12.3"
"94",F,"0.625","0.495","0.165","1.262","0.507","0.318","0.39","10","4",Nate,Craig,NOAA Fisheries,"8",West Coast,"12.3"
"96",M,"0.665","0.535","0.195","1.606","0.5755","0.388","0.48","14","9",Danica,Tyler,University of Florida	,"8",West Coast,"12.3"
"129",M,"0.7","0.535","0.16","1.7255","0.63","0.2635","0.54","19","5",Haniya,Talley,Prince William Sound Science Center,"8",West Coast,"12.3"
"132",F,"0.44","0.35","0.125","0.4035","0.175","0.063","0.129","9","8",Kali,Metcalfe,Mote Marine Laboratory,"8",West Coast,"12.3"
"144",M,"0.56","0.455","0.155","0.797","0.34","0.19","0.2425","11","8",Kali,Metcalfe,Mote Marine Laboratory,"8",West Coast,"12.3"
"177",I,"0.315","0.21","0.06","0.125","0.06","0.0375","0.035","5","8",Kali,Metcalfe,Mote Marine Laboratory,"8",West Coast,"12.3"
"183",F,"0.56","0.45","0.16","1.0235","0.429","0.268","0.3","10","8",Kali,Metcalfe,Mote Marine Laboratory,"8",West Coast,"12.3"
"223",F,"0.49","0.375","0.15","0.5755","0.22","0.144","0.19","9","12",Rebecca,Bennett,University of Houston,"8",West Coast,"12.3"
"259",F,"0.635","0.505","0.17","1.415","0.605","0.297","0.365","15","12",Rebecca,Bennett,University of Houston,"8",West Coast,"12.3"
"260",F,"0.59","0.475","0.16","1.1015","0.4775","0.2555","0.295","13","8",Kali,Metcalfe,Mote Marine Laboratory,"8",West Coast,"12.3"
"267",M,"0.52","0.45","0.15","0.895","0.3615","0.186","0.235","14","15",Conan,Dalton,University of Houston,"8",West Coast,"12.3"
"275",M,"0.63","0.515","0.155","1.259","0.4105","0.197","0.41","13","1",Jan,Odom,University of Houston,"8",West Coast,"12.3"
"276",M,"0.655","0.54","0.215","1.844","0.7425","0.327","0.585","22","3",Inaya,Bernard,Stanford University,"8",West Coast,"12.3"
"277",F,"0.66","0.53","0.185","1.3485","0.493","0.245","0.49","12","7",Iona,Connolly,Florida Atlantic University,"8",West Coast,"12.3"
"279",M,"0.635","0.525","0.205","1.484","0.55","0.3115","0.43","20","12",Rebecca,Bennett,University of Houston,"8",West Coast,"12.3"
"280",F,"0.515","0.425","0.135","0.712","0.2665","0.1605","0.25","11","15",Conan,Dalton,University of Houston,"8",West Coast,"12.3"
"295",M,"0.6","0.495","0.195","1.0575","0.384","0.19","0.375","26","13",Betty,Berg,University of Houston,"8",West Coast,"12.3"
"302",F,"0.54","0.435","0.175","0.892","0.322","0.174","0.335","13","8",Kali,Metcalfe,Mote Marine Laboratory,"8",West Coast,"12.3"
"312",M,"0.56","0.44","0.14","0.971","0.443","0.2045","0.265","14","3",Inaya,Bernard,Stanford University,"8",West Coast,"12.3"
"313",M,"0.595","0.455","0.195","1.3305","0.4595","0.3235","0.345","19","15",Conan,Dalton,University of Houston,"8",West Coast,"12.3"
"329",M,"0.36","0.295","0.105","0.241","0.0865","0.053","0.095","8","13",Betty,Berg,University of Houston,"8",West Coast,"12.3"
"361",M,"0.605","0.49","0.18","1.227","0.48","0.287","0.35","18","4",Nate,Craig,NOAA Fisheries,"8",West Coast,"12.3"
"378",F,"0.585","0.45","0.16","1.077","0.4995","0.2875","0.25","10","8",Kali,Metcalfe,Mote Marine Laboratory,"8",West Coast,"12.3"
"382",M,"0.535","0.42","0.145","0.791","0.33","0.189","0.25","10","6",Martin,Gaines,San Diego State University,"8",West Coast,"12.3"
"394",I,"0.365","0.295","0.095","0.25","0.1075","0.0545","0.08","9","2",Tiegan,Davie,"University of California, Davis","8",West Coast,"12.3"
"405",I,"0.44","0.345","0.12","0.365","0.1655","0.083","0.11","7","4",Nate,Craig,NOAA Fisheries,"8",West Coast,"12.3"
"413",F,"0.58","0.46","0.12","0.9935","0.4625","0.2385","0.28","11","8",Kali,Metcalfe,Mote Marine Laboratory,"8",West Coast,"12.3"
"415",F,"0.605","0.495","0.17","1.2385","0.528","0.2465","0.39","14","2",Tiegan,Davie,"University of California, Davis","8",West Coast,"12.3"
"424",I,"0.29","0.225","0.07","0.101","0.036","0.0235","0.035","8","12",Rebecca,Bennett,University of Houston,"8",West Coast,"12.3"
"444",I,"0.395","0.295","0.1","0.2715","0.134","0.0325","0.085","10","11",Naima,Reyes,University of Houston,"8",West Coast,"12.3"
"449",M,"0.605","0.5","0.175","1.098","0.4765","0.232","0.375","12","10",Hazel,Villa,University of Minnesota,"8",West Coast,"12.3"
"473",I,"0.43","0.34","0.12","0.3575","0.151","0.0645","0.1045","9","6",Martin,Gaines,San Diego State University,"8",West Coast,"12.3"
"531",I,"0.53","0.42","0.185","0.752","0.299","0.156","0.205","20","15",Conan,Dalton,University of Houston,"8",West Coast,"12.3"
"538",M,"0.29","0.23","0.075","0.1165","0.043","0.0255","0.04","7","15",Conan,Dalton,University of Houston,"8",West Coast,"12.3"
"546",M,"0.32","0.245","0.075","0.1555","0.0585","0.038","0.049","11","14",Santiago,Vaughan,Ohio State University	,"8",West Coast,"12.3"
"550",I,"0.555","0.425","0.18","0.875","0.3695","0.2005","0.255","11","5",Haniya,Talley,Prince William Sound Science Center,"8",West Coast,"12.3"
"565",F,"0.47","0.355","0.13","0.5465","0.2005","0.126","0.185","14","5",Haniya,Talley,Prince William Sound Science Center,"8",West Coast,"12.3"
"568",I,"0.435","0.33","0.125","0.406","0.1685","0.1055","0.096","12","13",Betty,Berg,University of Houston,"8",West Coast,"12.3"
"569",M,"0.28","0.21","0.08","0.1085","0.041","0.0265","0.0345","7","5",Haniya,Talley,Prince William Sound Science Center,"8",West Coast,"12.3"
"570",F,"0.41","0.32","0.115","0.387","0.165","0.1005","0.0985","11","11",Naima,Reyes,University of Houston,"8",West Coast,"12.3"
"593",I,"0.525","0.41","0.175","0.874","0.3585","0.207","0.205","18","15",Conan,Dalton,University of Houston,"8",West Coast,"12.3"
"602",F,"0.385","0.315","0.11","0.286","0.1225","0.0635","0.0835","10","15",Conan,Dalton,University of Houston,"8",West Coast,"12.3"
"605",I,"0.515","0.39","0.14","0.5555","0.2","0.1135","0.2235","12","10",Hazel,Villa,University of Minnesota,"8",West Coast,"12.3"
"646",I,"0.445","0.33","0.12","0.347","0.12","0.084","0.105","11","8",Kali,Metcalfe,Mote Marine Laboratory,"8",West Coast,"12.3"
"660",F,"0.585","0.475","0.185","0.9585","0.4145","0.1615","0.33","11","2",Tiegan,Davie,"University of California, Davis","8",West Coast,"12.3"
"685",M,"0.51","0.4","0.14","0.6515","0.2455","0.1665","0.185","10","14",Santiago,Vaughan,Ohio State University	,"8",West Coast,"12.3"
"689",M,"0.525","0.4","0.17","0.7305","0.279","0.2055","0.195","11","14",Santiago,Vaughan,Ohio State University	,"8",West Coast,"12.3"
"700",F,"0.395","0.315","0.105","0.3515","0.1185","0.091","0.1195","16","12",Rebecca,Bennett,University of Houston,"8",West Coast,"12.3"
"706",M,"0.415","0.325","0.14","0.417","0.1535","0.1015","0.144","10","8",Kali,Metcalfe,Mote Marine Laboratory,"8",West Coast,"12.3"
"707",M,"0.315","0.25","0.09","0.203","0.0615","0.037","0.0795","11","9",Danica,Tyler,University of Florida	,"8",West Coast,"12.3"
"709",M,"0.36","0.295","0.13","0.2765","0.0895","0.057","0.1005","10","14",Santiago,Vaughan,Ohio State University	,"8",West Coast,"12.3"
"711",I,"0.325","0.25","0.08","0.176","0.0595","0.0355","0.063","7","4",Nate,Craig,NOAA Fisheries,"8",West Coast,"12.3"
"762",F,"0.55","0.44","0.155","0.946","0.313","0.1825","0.335","16","7",Iona,Connolly,Florida Atlantic University,"8",West Coast,"12.3"
"785",I,"0.215","0.155","0.06","0.0525","0.021","0.0165","0.015","5","4",Nate,Craig,NOAA Fisheries,"8",West Coast,"12.3"
"810",F,"0.52","0.41","0.115","0.807","0.2855","0.179","0.235","12","1",Jan,Odom,University of Houston,"8",West Coast,"12.3"
"813",I,"0.235","0.175","0.055","0.067","0.027","0.0125","0.018","6","11",Naima,Reyes,University of Houston,"8",West Coast,"12.3"
"819",I,"0.35","0.25","0.07","0.18","0.0655","0.048","0.054","6","12",Rebecca,Bennett,University of Houston,"8",West Coast,"12.3"
"822",I,"0.37","0.275","0.14","0.2215","0.097","0.0455","0.0615","6","3",Inaya,Bernard,Stanford University,"8",West Coast,"12.3"
"824",I,"0.385","0.29","0.095","0.312","0.143","0.0635","0.086","6","14",Santiago,Vaughan,Ohio State University	,"8",West Coast,"12.3"
"837",M,"0.47","0.375","0.12","0.5805","0.266","0.0935","0.169","8","2",Tiegan,Davie,"University of California, Davis","8",West Coast,"12.3"
"845",M,"0.525","0.395","0.13","0.7635","0.3375","0.1425","0.225","8","14",Santiago,Vaughan,Ohio State University	,"8",West Coast,"12.3"
"847",F,"0.54","0.42","0.14","0.805","0.369","0.1725","0.21","11","3",Inaya,Bernard,Stanford University,"8",West Coast,"12.3"
"852",M,"0.555","0.435","0.145","0.9685","0.4985","0.168","0.2385","9","6",Martin,Gaines,San Diego State University,"8",West Coast,"12.3"
"867",M,"0.605","0.455","0.16","1.1035","0.421","0.3015","0.325","9","5",Haniya,Talley,Prince William Sound Science Center,"8",West Coast,"12.3"
"869",F,"0.615","0.52","0.15","1.3435","0.629","0.2605","0.345","10","13",Betty,Berg,University of Houston,"8",West Coast,"12.3"
"870",M,"0.615","0.51","0.15","1.296","0.545","0.3315","0.32","9","14",Santiago,Vaughan,Ohio State University	,"8",West Coast,"12.3"
"875",F,"0.625","0.49","0.2","1.3825","0.5895","0.285","0.381","11","2",Tiegan,Davie,"University of California, Davis","8",West Coast,"12.3"
"884",M,"0.66","0.53","0.17","1.3905","0.5905","0.212","0.453","15","10",Hazel,Villa,University of Minnesota,"8",West Coast,"12.3"
"901",I,"0.3","0.235","0.08","0.131","0.05","0.0265","0.043","4","4",Nate,Craig,NOAA Fisheries,"8",West Coast,"12.3"
"907",I,"0.325","0.24","0.075","0.187","0.0825","0.0445","0.05","6","4",Nate,Craig,NOAA Fisheries,"8",West Coast,"12.3"
"918",I,"0.41","0.31","0.09","0.339","0.155","0.0695","0.09","7","9",Danica,Tyler,University of Florida	,"8",West Coast,"12.3"
"1035",F,"0.655","0.46","0.16","1.494","0.6895","0.331","0.1825","9","1",Jan,Odom,University of Houston,"8",West Coast,"12.3"
"921",I,"0.415","0.33","0.09","0.3595","0.17","0.081","0.09","6","14",Santiago,Vaughan,Ohio State University	,"8",West Coast,"12.3"
"923",I,"0.42","0.315","0.1","0.3435","0.157","0.0795","0.09","6","3",Inaya,Bernard,Stanford University,"8",West Coast,"12.3"
"950",M,"0.48","0.375","0.115","0.6765","0.3205","0.1065","0.17","6","12",Rebecca,Bennett,University of Houston,"8",West Coast,"12.3"
"996",M,"0.58","0.49","0.13","1.1335","0.586","0.2565","0.237","9","4",Nate,Craig,NOAA Fisheries,"8",West Coast,"12.3"
"1028",F,"0.645","0.505","0.165","1.4325","0.684","0.308","0.336","8","13",Betty,Berg,University of Houston,"8",West Coast,"12.3"
"1031",F,"0.645","0.515","0.15","1.212","0.515","0.2055","0.385","10","15",Conan,Dalton,University of Houston,"8",West Coast,"12.3"
"1036",F,"0.655","0.51","0.175","1.6525","0.8515","0.3365","0.403","10","3",Inaya,Bernard,Stanford University,"8",West Coast,"12.3"
"1037",F,"0.66","0.505","0.185","1.528","0.69","0.3025","0.441","11","10",Hazel,Villa,University of Minnesota,"8",West Coast,"12.3"
"1038",M,"0.66","0.535","0.19","1.5905","0.6425","0.297","0.5175","9","3",Inaya,Bernard,Stanford University,"8",West Coast,"12.3"
"1042",F,"0.675","0.57","0.225","1.587","0.739","0.2995","0.435","10","10",Hazel,Villa,University of Minnesota,"8",West Coast,"12.3"
"1050",M,"0.715","0.565","0.175","1.9525","0.7645","0.4185","0.4135","10","8",Kali,Metcalfe,Mote Marine Laboratory,"8",West Coast,"12.3"
"1053",M,"0.765","0.6","0.22","2.302","1.007","0.509","0.6205","12","13",Betty,Berg,University of Houston,"8",West Coast,"12.3"
"1054",I,"0.185","0.13","0.045","0.029","0.012","0.0075","0.0095","4","6",Martin,Gaines,San Diego State University,"8",West Coast,"12.3"
"1072",I,"0.385","0.29","0.08","0.2485","0.122","0.0495","0.065","7","13",Betty,Berg,University of Houston,"8",West Coast,"12.3"
"1076",I,"0.41","0.325","0.1","0.3245","0.132","0.072","0.106","6","1",Jan,Odom,University of Houston,"8",West Coast,"12.3"
"1085",I,"0.445","0.345","0.105","0.409","0.1675","0.1015","0.117","7","10",Hazel,Villa,University of Minnesota,"8",West Coast,"12.3"
"1101",I,"0.5","0.375","0.12","0.542","0.215","0.116","0.17","9","6",Martin,Gaines,San Diego State University,"8",West Coast,"12.3"
"1119",I,"0.535","0.39","0.125","0.599","0.2595","0.149","0.169","9","2",Tiegan,Davie,"University of California, Davis","8",West Coast,"12.3"
"1121",M,"0.545","0.39","0.135","0.7835","0.4225","0.1815","0.156","7","10",Hazel,Villa,University of Minnesota,"8",West Coast,"12.3"
"1135",F,"0.57","0.445","0.145","0.8775","0.412","0.217","0.22","8","5",Haniya,Talley,Prince William Sound Science Center,"8",West Coast,"12.3"
"1140",F,"0.575","0.47","0.165","0.869","0.435","0.197","0.238","9","5",Haniya,Talley,Prince William Sound Science Center,"8",West Coast,"12.3"
"1152",M,"0.585","0.465","0.16","0.9555","0.4595","0.236","0.265","7","5",Haniya,Talley,Prince William Sound Science Center,"8",West Coast,"12.3"
"1179",F,"0.65","0.5","0.19","1.464","0.6415","0.339","0.4245","9","3",Inaya,Bernard,Stanford University,"8",West Coast,"12.3"
"1210",F,"0.78","0.63","0.215","2.657","1.488","0.4985","0.586","11","10",Hazel,Villa,University of Minnesota,"8",West Coast,"12.3"
"1214",I,"0.25","0.19","0.065","0.0835","0.039","0.015","0.025","5","8",Kali,Metcalfe,Mote Marine Laboratory,"8",West Coast,"12.3"
"1224",I,"0.34","0.25","0.09","0.179","0.0775","0.033","0.055","6","14",Santiago,Vaughan,Ohio State University	,"8",West Coast,"12.3"
"1228",I,"0.35","0.255","0.09","0.1785","0.0855","0.0305","0.0525","8","1",Jan,Odom,University of Houston,"8",West Coast,"12.3"
"1248",I,"0.395","0.305","0.105","0.284","0.1135","0.0595","0.0945","8","8",Kali,Metcalfe,Mote Marine Laboratory,"8",West Coast,"12.3"
"1255",I,"0.425","0.325","0.11","0.3335","0.173","0.045","0.1","7","14",Santiago,Vaughan,Ohio State University	,"8",West Coast,"12.3"
"1257",I,"0.425","0.31","0.09","0.301","0.1385","0.065","0.08","7","10",Hazel,Villa,University of Minnesota,"8",West Coast,"12.3"
"1258",I,"0.43","0.34","0","0.428","0.2065","0.086","0.115","8","2",Tiegan,Davie,"University of California, Davis","8",West Coast,"12.3"
"1259",I,"0.43","0.315","0.095","0.378","0.175","0.08","0.1045","8","15",Conan,Dalton,University of Houston,"8",West Coast,"12.3"
"1274",I,"0.475","0.38","0.12","0.441","0.1785","0.0885","0.1505","8","3",Inaya,Bernard,Stanford University,"8",West Coast,"12.3"
"1275",I,"0.475","0.36","0.11","0.492","0.211","0.11","0.15","8","6",Martin,Gaines,San Diego State University,"8",West Coast,"12.3"
"1302",I,"0.535","0.4","0.135","0.6025","0.2895","0.121","0.154","9","2",Tiegan,Davie,"University of California, Davis","8",West Coast,"12.3"
"1303",I,"0.535","0.415","0.15","0.5765","0.3595","0.135","0.225","8","8",Kali,Metcalfe,Mote Marine Laboratory,"8",West Coast,"12.3"
"1316",I,"0.55","0.425","0.135","0.7305","0.3325","0.1545","0.215","9","4",Nate,Craig,NOAA Fisheries,"8",West Coast,"12.3"
"1320",I,"0.555","0.425","0.145","0.7905","0.3485","0.1765","0.225","9","2",Tiegan,Davie,"University of California, Davis","8",West Coast,"12.3"
"1334",M,"0.57","0.435","0.125","0.8965","0.383","0.1835","0.275","9","9",Danica,Tyler,University of Florida	,"8",West Coast,"12.3"
"1372",M,"0.615","0.5","0.17","1.054","0.4845","0.228","0.295","10","10",Hazel,Villa,University of Minnesota,"8",West Coast,"12.3"
"1384",F,"0.625","0.48","0.155","1.2035","0.5865","0.239","0.3185","12","13",Betty,Berg,University of Houston,"8",West Coast,"12.3"
"1414",M,"0.675","0.545","0.185","1.7375","0.876","0.3135","0.469","13","10",Hazel,Villa,University of Minnesota,"8",West Coast,"12.3"
"1416",F,"0.695","0.565","0.19","1.7635","0.7465","0.399","0.4975","11","12",Rebecca,Bennett,University of Houston,"8",West Coast,"12.3"
"1421",F,"0.71","0.55","0.17","1.614","0.743","0.345","0.45","11","2",Tiegan,Davie,"University of California, Davis","8",West Coast,"12.3"
"1448",M,"0.44","0.32","0.12","0.4565","0.2435","0.092","0.1025","8","6",Martin,Gaines,San Diego State University,"8",West Coast,"12.3"
"1450",M,"0.45","0.335","0.125","0.4475","0.2165","0.126","0.11","6","9",Danica,Tyler,University of Florida	,"8",West Coast,"12.3"
"1455",I,"0.47","0.355","0.12","0.3685","0.126","0.0835","0.1365","6","9",Danica,Tyler,University of Florida	,"8",West Coast,"12.3"
"1466",I,"0.515","0.395","0.125","0.556","0.2695","0.096","0.17","8","11",Naima,Reyes,University of Houston,"8",West Coast,"12.3"
"1469",M,"0.52","0.4","0.125","0.559","0.254","0.139","0.149","8","2",Tiegan,Davie,"University of California, Davis","8",West Coast,"12.3"
"1471",I,"0.53","0.43","0.13","0.7045","0.346","0.1415","0.189","9","11",Naima,Reyes,University of Houston,"8",West Coast,"12.3"
"1490",F,"0.605","0.485","0.165","0.9515","0.4535","0.193","0.2765","11","9",Danica,Tyler,University of Florida	,"8",West Coast,"12.3"
"1496",F,"0.62","0.435","0.155","1.012","0.477","0.236","0.275","8","8",Kali,Metcalfe,Mote Marine Laboratory,"8",West Coast,"12.3"
"1497",M,"0.62","0.48","0.165","1.0725","0.4815","0.235","0.312","9","4",Nate,Craig,NOAA Fisheries,"8",West Coast,"12.3"
"1519",M,"0.67","0.545","0.2","1.7025","0.833","0.374","0.41","11","10",Hazel,Villa,University of Minnesota,"8",West Coast,"12.3"
"1527",M,"0.705","0.56","0.165","1.675","0.797","0.4095","0.388","10","13",Betty,Berg,University of Houston,"8",West Coast,"12.3"
"1528",M,"0.72","0.565","0.2","2.1055","1.017","0.363","0.494","12","6",Martin,Gaines,San Diego State University,"8",West Coast,"12.3"
"1531",M,"0.75","0.55","0.18","1.893","0.942","0.397","0.445","11","15",Conan,Dalton,University of Houston,"8",West Coast,"12.3"
"1565",I,"0.46","0.35","0.11","0.4","0.176","0.083","0.1205","7","5",Haniya,Talley,Prince William Sound Science Center,"8",West Coast,"12.3"
"1594",I,"0.525","0.38","0.135","0.615","0.261","0.159","0.175","8","9",Danica,Tyler,University of Florida	,"8",West Coast,"12.3"
"1602",I,"0.54","0.43","0.17","0.836","0.3725","0.1815","0.24","9","13",Betty,Berg,University of Houston,"8",West Coast,"12.3"
"1608",I,"0.54","0.425","0.135","0.686","0.3475","0.1545","0.213","8","10",Hazel,Villa,University of Minnesota,"8",West Coast,"12.3"
"1624",F,"0.565","0.44","0.15","0.863","0.435","0.149","0.27","9","5",Haniya,Talley,Prince William Sound Science Center,"8",West Coast,"12.3"
"1631",I,"0.57","0.445","0.155","0.867","0.3705","0.1705","0.28","9","14",Santiago,Vaughan,Ohio State University	,"8",West Coast,"12.3"
"1632",I,"0.57","0.445","0.145","0.7405","0.306","0.172","0.1825","12","9",Danica,Tyler,University of Florida	,"8",West Coast,"12.3"
"1633",M,"0.575","0.455","0.165","0.867","0.3765","0.1805","0.268","8","3",Inaya,Bernard,Stanford University,"8",West Coast,"12.3"
"1634",I,"0.575","0.425","0.135","0.7965","0.364","0.196","0.239","10","4",Nate,Craig,NOAA Fisheries,"8",West Coast,"12.3"
"1635",F,"0.575","0.47","0.155","1.116","0.509","0.238","0.34","10","14",Santiago,Vaughan,Ohio State University	,"8",West Coast,"12.3"
"1652",F,"0.595","0.435","0.15","0.9","0.4175","0.17","0.265","8","14",Santiago,Vaughan,Ohio State University	,"8",West Coast,"12.3"
"1653",M,"0.595","0.45","0.14","0.838","0.3965","0.194","0.217","10","5",Haniya,Talley,Prince William Sound Science Center,"8",West Coast,"12.3"
"1656",F,"0.6","0.46","0.155","0.9735","0.427","0.2045","0.3","8","1",Jan,Odom,University of Houston,"8",West Coast,"12.3"
"1667",F,"0.605","0.47","0.155","0.974","0.393","0.224","0.3345","9","13",Betty,Berg,University of Houston,"8",West Coast,"12.3"
"1673",F,"0.61","0.475","0.16","1.1155","0.3835","0.223","0.379","10","1",Jan,Odom,University of Houston,"8",West Coast,"12.3"
"1686",I,"0.62","0.45","0.135","0.924","0.358","0.2265","0.2965","10","8",Kali,Metcalfe,Mote Marine Laboratory,"8",West Coast,"12.3"
"1690",M,"0.625","0.475","0.16","1.0845","0.5005","0.2355","0.3105","10","8",Kali,Metcalfe,Mote Marine Laboratory,"8",West Coast,"12.3"
"1698",M,"0.63","0.485","0.165","1.233","0.6565","0.2315","0.3035","10","5",Haniya,Talley,Prince William Sound Science Center,"8",West Coast,"12.3"
"1706",M,"0.64","0.525","0.185","1.707","0.763","0.4205","0.4435","11","9",Danica,Tyler,University of Florida	,"8",West Coast,"12.3"
"1711",M,"0.645","0.51","0.195","1.226","0.5885","0.2215","0.3745","10","6",Martin,Gaines,San Diego State University,"8",West Coast,"12.3"
"1735",M,"0.67","0.505","0.16","1.2585","0.6255","0.311","0.308","12","2",Tiegan,Davie,"University of California, Davis","8",West Coast,"12.3"
"1736",M,"0.67","0.52","0.165","1.39","0.711","0.2865","0.3","11","4",Nate,Craig,NOAA Fisheries,"8",West Coast,"12.3"
"1764",M,"0.775","0.63","0.25","2.7795","1.3485","0.76","0.578","12","10",Hazel,Villa,University of Minnesota,"8",West Coast,"12.3"
"1765",I,"0.275","0.175","0.09","0.2315","0.096","0.057","0.0705","5","6",Martin,Gaines,San Diego State University,"8",West Coast,"12.3"
"1774",I,"0.465","0.325","0.14","0.7615","0.362","0.1535","0.209","10","3",Inaya,Bernard,Stanford University,"8",West Coast,"12.3"
"1791",F,"0.55","0.38","0.165","1.205","0.543","0.294","0.3345","10","8",Kali,Metcalfe,Mote Marine Laboratory,"8",West Coast,"12.3"
"1798",I,"0.585","0.45","0.15","0.8915","0.3975","0.2035","0.253","8","15",Conan,Dalton,University of Houston,"8",West Coast,"12.3"
"1804",F,"0.615","0.455","0.145","1.1155","0.5045","0.238","0.315","10","8",Kali,Metcalfe,Mote Marine Laboratory,"8",West Coast,"12.3"
"1805",M,"0.62","0.47","0.145","1.0865","0.511","0.2715","0.2565","10","9",Danica,Tyler,University of Florida	,"8",West Coast,"12.3"
"1808",M,"0.635","0.495","0.195","1.172","0.445","0.3115","0.3475","11","8",Kali,Metcalfe,Mote Marine Laboratory,"8",West Coast,"12.3"
"1831",I,"0.365","0.275","0.085","0.223","0.098","0.0375","0.075","7","3",Inaya,Bernard,Stanford University,"8",West Coast,"12.3"
"1859",F,"0.51","0.4","0.12","0.7005","0.347","0.1105","0.195","10","2",Tiegan,Davie,"University of California, Davis","8",West Coast,"12.3"
"1870",I,"0.525","0.4","0.145","0.6095","0.248","0.159","0.175","9","1",Jan,Odom,University of Houston,"8",West Coast,"12.3"
"1874",I,"0.53","0.405","0.12","0.632","0.2715","0.148","0.1875","9","4",Nate,Craig,NOAA Fisheries,"8",West Coast,"12.3"
"1907",I,"0.575","0.45","0.135","0.8245","0.3375","0.2115","0.239","11","1",Jan,Odom,University of Houston,"8",West Coast,"12.3"
"1917",M,"0.6","0.46","0.17","1.1805","0.456","0.337","0.329","11","3",Inaya,Bernard,Stanford University,"8",West Coast,"12.3"
"1923",M,"0.61","0.48","0.14","1.031","0.4375","0.2615","0.27","8","14",Santiago,Vaughan,Ohio State University	,"8",West Coast,"12.3"
"1938",M,"0.625","0.515","0.17","1.331","0.5725","0.3005","0.361","9","14",Santiago,Vaughan,Ohio State University	,"8",West Coast,"12.3"
"1984",F,"0.725","0.57","0.205","1.6195","0.744","0.315","0.488","11","3",Inaya,Bernard,Stanford University,"8",West Coast,"12.3"
"1989",I,"0.21","0.15","0.055","0.0465","0.017","0.012","0.015","5","13",Betty,Berg,University of Houston,"8",West Coast,"12.3"
"1993",I,"0.29","0.21","0.07","0.1115","0.048","0.0205","0.03","5","1",Jan,Odom,University of Houston,"8",West Coast,"12.3"
"2002",I,"0.36","0.27","0.085","0.2185","0.1065","0.038","0.062","6","15",Conan,Dalton,University of Houston,"8",West Coast,"12.3"
"2003",I,"0.36","0.27","0.085","0.196","0.0905","0.034","0.053","7","12",Rebecca,Bennett,University of Houston,"8",West Coast,"12.3"
"2011",I,"0.435","0.325","0.12","0.346","0.159","0.084","0.095","7","5",Haniya,Talley,Prince William Sound Science Center,"8",West Coast,"12.3"
"2016",I,"0.475","0.365","0.12","0.5185","0.268","0.1095","0.1365","8","3",Inaya,Bernard,Stanford University,"8",West Coast,"12.3"
"2038",I,"0.27","0.195","0.065","0.1065","0.0475","0.0225","0.0285","5","6",Martin,Gaines,San Diego State University,"8",West Coast,"12.3"
"2053",M,"0.46","0.345","0.12","0.4935","0.2435","0.1175","0.132","8","5",Haniya,Talley,Prince William Sound Science Center,"8",West Coast,"12.3"
"2057",F,"0.475","0.38","0.14","0.689","0.3165","0.1315","0.1955","7","7",Iona,Connolly,Florida Atlantic University,"8",West Coast,"12.3"
"2060",I,"0.49","0.37","0.11","0.538","0.271","0.1035","0.139","8","11",Naima,Reyes,University of Houston,"8",West Coast,"12.3"
"2066",F,"0.535","0.42","0.13","0.699","0.3125","0.1565","0.2035","8","9",Danica,Tyler,University of Florida	,"8",West Coast,"12.3"
"2075",F,"0.585","0.485","0.15","1.079","0.4145","0.2115","0.356","11","2",Tiegan,Davie,"University of California, Davis","8",West Coast,"12.3"
"2090",F,"0.73","0.555","0.18","1.6895","0.6555","0.1965","0.4935","10","15",Conan,Dalton,University of Houston,"8",West Coast,"12.3"
"2110",M,"0.62","0.49","0.17","1.2105","0.5185","0.2555","0.335","13","8",Kali,Metcalfe,Mote Marine Laboratory,"8",West Coast,"12.3"
"2119",F,"0.48","0.38","0.12","0.608","0.2705","0.1405","0.185","8","14",Santiago,Vaughan,Ohio State University	,"8",West Coast,"12.3"
"2122",I,"0.475","0.36","0.11","0.4555","0.177","0.0965","0.145","9","2",Tiegan,Davie,"University of California, Davis","8",West Coast,"12.3"
"2127",F,"0.5","0.4","0.125","0.5765","0.2395","0.126","0.185","10","7",Iona,Connolly,Florida Atlantic University,"8",West Coast,"12.3"
"2136",M,"0.565","0.425","0.1","0.7145","0.3055","0.166","0.18","12","7",Iona,Connolly,Florida Atlantic University,"8",West Coast,"12.3"
"2171",M,"0.285","0.21","0.075","0.1185","0.055","0.0285","0.04","7","8",Kali,Metcalfe,Mote Marine Laboratory,"8",West Coast,"12.3"
"2178",F,"0.58","0.45","0.235","1.071","0.3","0.206","0.395","14","1",Jan,Odom,University of Houston,"8",West Coast,"12.3"
"2188",M,"0.495","0.385","0.135","0.6335","0.2","0.1225","0.26","14","11",Naima,Reyes,University of Houston,"8",West Coast,"12.3"
"2196",I,"0.26","0.215","0.08","0.099","0.037","0.0255","0.045","5","2",Tiegan,Davie,"University of California, Davis","8",West Coast,"12.3"
"2198",I,"0.405","0.305","0.105","0.3625","0.1565","0.0705","0.125","10","13",Betty,Berg,University of Houston,"8",West Coast,"12.3"
"2203",M,"0.57","0.405","0.16","0.9245","0.3445","0.2185","0.295","19","1",Jan,Odom,University of Houston,"8",West Coast,"12.3"
"2206",I,"0.275","0.22","0.08","0.1365","0.0565","0.0285","0.042","6","5",Haniya,Talley,Prince William Sound Science Center,"8",West Coast,"12.3"
"2217",I,"0.33","0.26","0.08","0.19","0.0765","0.0385","0.065","7","9",Danica,Tyler,University of Florida	,"8",West Coast,"12.3"
"2250",F,"0.585","0.455","0.165","0.998","0.345","0.2495","0.315","12","13",Betty,Berg,University of Houston,"8",West Coast,"12.3"
"2254",F,"0.645","0.5","0.2","1.4285","0.639","0.305","0.36","11","4",Nate,Craig,NOAA Fisheries,"8",West Coast,"12.3"
"2274",F,"0.67","0.52","0.15","1.406","0.519","0.348","0.37","13","8",Kali,Metcalfe,Mote Marine Laboratory,"8",West Coast,"12.3"
"2298",M,"0.475","0.36","0.12","0.578","0.2825","0.12","0.17","8","1",Jan,Odom,University of Houston,"8",West Coast,"12.3"
"2300",I,"0.495","0.385","0.125","0.585","0.2755","0.1235","0.165","8","3",Inaya,Bernard,Stanford University,"8",West Coast,"12.3"
"2309",M,"0.455","0.355","0.13","0.515","0.2","0.1275","0.175","11","4",Nate,Craig,NOAA Fisheries,"8",West Coast,"12.3"
"2310",M,"0.47","0.375","0.13","0.5795","0.2145","0.164","0.195","13","12",Rebecca,Bennett,University of Houston,"8",West Coast,"12.3"
"2314",M,"0.595","0.47","0.145","0.991","0.4035","0.1505","0.34","16","12",Rebecca,Bennett,University of Houston,"8",West Coast,"12.3"
"2317",M,"0.535","0.435","0.155","0.8915","0.3415","0.177","0.25","13","13",Betty,Berg,University of Houston,"8",West Coast,"12.3"
"2325",F,"0.665","0.535","0.19","1.496","0.5775","0.2815","0.475","17","5",Haniya,Talley,Prince William Sound Science Center,"8",West Coast,"12.3"
"2330",I,"0.48","0.39","0.145","0.5825","0.2315","0.121","0.255","15","4",Nate,Craig,NOAA Fisheries,"8",West Coast,"12.3"
"2333",F,"0.515","0.42","0.135","0.6295","0.2815","0.127","0.215","9","13",Betty,Berg,University of Houston,"8",West Coast,"12.3"
"2336",M,"0.61","0.49","0.15","1.103","0.425","0.2025","0.36","23","3",Inaya,Bernard,Stanford University,"8",West Coast,"12.3"
"2344",I,"0.17","0.125","0.055","0.0235","0.009","0.0055","0.008","6","13",Betty,Berg,University of Houston,"8",West Coast,"12.3"
"2357",M,"0.575","0.47","0.15","1.1415","0.4515","0.204","0.4","13","1",Jan,Odom,University of Houston,"8",West Coast,"12.3"
"2361",F,"0.545","0.44","0.175","0.7745","0.2985","0.1875","0.265","11","15",Conan,Dalton,University of Houston,"8",West Coast,"12.3"
"2362",M,"0.55","0.45","0.155","0.7895","0.343","0.159","0.25","12","4",Nate,Craig,NOAA Fisheries,"8",West Coast,"12.3"
"2377",F,"0.43","0.34","0.11","0.382","0.154","0.0955","0.109","8","10",Hazel,Villa,University of Minnesota,"8",West Coast,"12.3"
"2379",I,"0.415","0.325","0.115","0.3285","0.1405","0.051","0.106","12","15",Conan,Dalton,University of Houston,"8",West Coast,"12.3"
"2383",I,"0.525","0.43","0.15","0.7365","0.3225","0.161","0.215","11","8",Kali,Metcalfe,Mote Marine Laboratory,"8",West Coast,"12.3"
"2391",F,"0.455","0.35","0.125","0.4485","0.1585","0.102","0.1335","16","3",Inaya,Bernard,Stanford University,"8",West Coast,"12.3"
"2404",M,"0.29","0.225","0.08","0.1295","0.0535","0.026","0.045","10","13",Betty,Berg,University of Houston,"8",West Coast,"12.3"
"2429",F,"0.53","0.385","0.125","0.6695","0.289","0.151","0.18","10","6",Martin,Gaines,San Diego State University,"8",West Coast,"12.3"
"2445",M,"0.5","0.355","0.14","0.528","0.2125","0.149","0.14","9","13",Betty,Berg,University of Houston,"8",West Coast,"12.3"
"2454",I,"0.325","0.2","0.08","0.0995","0.0395","0.0225","0.032","8","2",Tiegan,Davie,"University of California, Davis","8",West Coast,"12.3"
"2466",M,"0.5","0.39","0.13","0.709","0.275","0.168","0.18","11","11",Naima,Reyes,University of Houston,"8",West Coast,"12.3"
"2467",M,"0.425","0.325","0.12","0.3755","0.142","0.1065","0.105","9","14",Santiago,Vaughan,Ohio State University	,"8",West Coast,"12.3"
"2468",M,"0.51","0.415","0.14","0.8185","0.3025","0.2155","0.235","16","13",Betty,Berg,University of Houston,"8",West Coast,"12.3"
"2480",F,"0.5","0.44","0.155","0.742","0.2025","0.2005","0.2115","14","13",Betty,Berg,University of Houston,"8",West Coast,"12.3"
"2481",F,"0.52","0.425","0.145","0.7","0.207","0.1905","0.24","13","2",Tiegan,Davie,"University of California, Davis","8",West Coast,"12.3"
"2503",I,"0.285","0.21","0.07","0.109","0.044","0.0265","0.033","5","5",Haniya,Talley,Prince William Sound Science Center,"8",West Coast,"12.3"
"2507",I,"0.375","0.3","0.075","0.144","0.059","0.03","0.044","7","3",Inaya,Bernard,Stanford University,"8",West Coast,"12.3"
"2531",F,"0.6","0.485","0.165","1.1405","0.587","0.2175","0.288","9","12",Rebecca,Bennett,University of Houston,"8",West Coast,"12.3"
"2539",M,"0.66","0.535","0.2","1.791","0.733","0.318","0.54","15","6",Martin,Gaines,San Diego State University,"8",West Coast,"12.3"
"2551",I,"0.28","0.22","0.08","0.1315","0.066","0.024","0.03","5","5",Haniya,Talley,Prince William Sound Science Center,"8",West Coast,"12.3"
"2553",I,"0.31","0.225","0.075","0.155","0.065","0.037","0.0365","6","7",Iona,Connolly,Florida Atlantic University,"8",West Coast,"12.3"
"2565",I,"0.45","0.35","0.125","0.4775","0.2235","0.089","0.118","6","6",Martin,Gaines,San Diego State University,"8",West Coast,"12.3"
"2569",I,"0.46","0.345","0.12","0.4155","0.198","0.0885","0.107","7","3",Inaya,Bernard,Stanford University,"8",West Coast,"12.3"
"2591",F,"0.58","0.445","0.145","0.888","0.41","0.1815","0.2425","8","5",Haniya,Talley,Prince William Sound Science Center,"8",West Coast,"12.3"
"2597",F,"0.6","0.46","0.145","0.9325","0.3985","0.2245","0.248","8","15",Conan,Dalton,University of Houston,"8",West Coast,"12.3"
"2599",M,"0.6","0.46","0.15","1.247","0.5335","0.2735","0.29","9","11",Naima,Reyes,University of Houston,"8",West Coast,"12.3"
"2601",F,"0.615","0.485","0.16","1.1575","0.5005","0.2495","0.315","10","1",Jan,Odom,University of Houston,"8",West Coast,"12.3"
"2623",F,"0.7","0.575","0.205","1.7975","0.7295","0.3935","0.5165","13","3",Inaya,Bernard,Stanford University,"8",West Coast,"12.3"
"2627",I,"0.22","0.16","0.05","0.049","0.0215","0.01","0.015","4","7",Iona,Connolly,Florida Atlantic University,"8",West Coast,"12.3"
"2635",I,"0.425","0.34","0.1","0.3515","0.1625","0.082","0.094","7","8",Kali,Metcalfe,Mote Marine Laboratory,"8",West Coast,"12.3"
"2644",I,"0.485","0.375","0.13","0.5535","0.266","0.112","0.157","8","2",Tiegan,Davie,"University of California, Davis","8",West Coast,"12.3"
"2645",I,"0.49","0.375","0.125","0.5445","0.279","0.115","0.13","8","4",Nate,Craig,NOAA Fisheries,"8",West Coast,"12.3"
"2647",I,"0.495","0.38","0.12","0.512","0.233","0.1205","0.136","7","14",Santiago,Vaughan,Ohio State University	,"8",West Coast,"12.3"
"2648",I,"0.5","0.39","0.125","0.583","0.294","0.132","0.1605","8","5",Haniya,Talley,Prince William Sound Science Center,"8",West Coast,"12.3"
"2659",I,"0.55","0.42","0.13","0.636","0.294","0.144","0.1755","8","5",Haniya,Talley,Prince William Sound Science Center,"8",West Coast,"12.3"
"2678",F,"0.615","0.475","0.17","1.055","0.543","0.246","0.2345","9","2",Tiegan,Davie,"University of California, Davis","8",West Coast,"12.3"
"2688",M,"0.63","0.51","0.175","1.3415","0.6575","0.262","0.375","10","10",Hazel,Villa,University of Minnesota,"8",West Coast,"12.3"
"2689",M,"0.63","0.465","0.15","1.027","0.537","0.188","0.176","8","3",Inaya,Bernard,Stanford University,"8",West Coast,"12.3"
"2691",M,"0.645","0.48","0.15","1.192","0.6055","0.2595","0.285","9","1",Jan,Odom,University of Houston,"8",West Coast,"12.3"
"2694",M,"0.65","0.52","0.175","1.2655","0.615","0.2775","0.336","9","5",Haniya,Talley,Prince William Sound Science Center,"8",West Coast,"12.3"
"2696",M,"0.65","0.51","0.155","1.407","0.7215","0.298","0.335","9","13",Betty,Berg,University of Houston,"8",West Coast,"12.3"
"2707",F,"0.725","0.53","0.19","1.7315","0.83","0.398","0.405","11","12",Rebecca,Bennett,University of Houston,"8",West Coast,"12.3"
"2709",M,"0.735","0.57","0.175","1.88","0.9095","0.387","0.488","11","10",Hazel,Villa,University of Minnesota,"8",West Coast,"12.3"
"2721",I,"0.37","0.275","0.09","0.2065","0.096","0.0395","0.058","7","4",Nate,Craig,NOAA Fisheries,"8",West Coast,"12.3"
"2750",I,"0.505","0.38","0.135","0.5385","0.2645","0.095","0.165","9","1",Jan,Odom,University of Houston,"8",West Coast,"12.3"
"2751",I,"0.51","0.385","0.145","0.7665","0.3985","0.14","0.1805","8","5",Haniya,Talley,Prince William Sound Science Center,"8",West Coast,"12.3"
"2758",I,"0.525","0.375","0.12","0.6315","0.3045","0.114","0.19","9","3",Inaya,Bernard,Stanford University,"8",West Coast,"12.3"
"2762",I,"0.55","0.425","0.145","0.89","0.4325","0.171","0.236","10","4",Nate,Craig,NOAA Fisheries,"8",West Coast,"12.3"
"2776",I,"0.585","0.46","0.145","0.8465","0.339","0.167","0.295","10","10",Hazel,Villa,University of Minnesota,"8",West Coast,"12.3"
"2777",M,"0.585","0.465","0.165","0.885","0.4025","0.1625","0.274","10","12",Rebecca,Bennett,University of Houston,"8",West Coast,"12.3"
"2795",F,"0.63","0.475","0.155","1.0005","0.452","0.252","0.265","10","7",Iona,Connolly,Florida Atlantic University,"8",West Coast,"12.3"
"2800",M,"0.64","0.495","0.17","1.139","0.5395","0.282","0.285","10","5",Haniya,Talley,Prince William Sound Science Center,"8",West Coast,"12.3"
"2809",F,"0.705","0.54","0.205","1.757","0.8265","0.417","0.461","9","14",Santiago,Vaughan,Ohio State University	,"8",West Coast,"12.3"
"2818",I,"0.33","0.225","0.075","0.187","0.0945","0.0395","0.0425","7","1",Jan,Odom,University of Houston,"8",West Coast,"12.3"
"2826",I,"0.495","0.375","0.12","0.589","0.3075","0.1215","0.1405","8","9",Danica,Tyler,University of Florida	,"8",West Coast,"12.3"
"2832",M,"0.535","0.405","0.14","0.818","0.402","0.1715","0.189","7","5",Haniya,Talley,Prince William Sound Science Center,"8",West Coast,"12.3"
"2840",F,"0.59","0.455","0.15","0.976","0.465","0.2055","0.2765","10","10",Hazel,Villa,University of Minnesota,"8",West Coast,"12.3"
"2847",M,"0.625","0.475","0.175","1.3405","0.656","0.283","0.337","10","4",Nate,Craig,NOAA Fisheries,"8",West Coast,"12.3"
"2852",F,"0.635","0.51","0.185","1.286","0.526","0.295","0.4105","12","4",Nate,Craig,NOAA Fisheries,"8",West Coast,"12.3"
"2864",M,"0.74","0.595","0.19","2.3235","1.1495","0.5115","0.505","11","11",Naima,Reyes,University of Houston,"8",West Coast,"12.3"
"2944",F,"0.63","0.485","0.185","1.167","0.548","0.2485","0.34","10","1",Jan,Odom,University of Houston,"8",West Coast,"12.3"
"2945",M,"0.63","0.51","0.17","1.1885","0.4915","0.3065","0.348","7","15",Conan,Dalton,University of Houston,"8",West Coast,"12.3"
"2950",M,"0.635","0.515","0.16","1.2075","0.5385","0.282","0.345","11","13",Betty,Berg,University of Houston,"8",West Coast,"12.3"
"2969",F,"0.68","0.505","0.17","1.3435","0.657","0.297","0.355","12","9",Danica,Tyler,University of Florida	,"8",West Coast,"12.3"
"2984",F,"0.525","0.41","0.135","0.7905","0.4065","0.198","0.177","8","7",Iona,Connolly,Florida Atlantic University,"8",West Coast,"12.3"
"2987",M,"0.535","0.405","0.175","1.2705","0.548","0.3265","0.337","13","9",Danica,Tyler,University of Florida	,"8",West Coast,"12.3"
"2990",M,"0.56","0.425","0.135","0.9415","0.509","0.2015","0.1975","9","15",Conan,Dalton,University of Houston,"8",West Coast,"12.3"
"3002",M,"0.64","0.495","0.165","1.307","0.678","0.292","0.266","11","13",Betty,Berg,University of Houston,"8",West Coast,"12.3"
"3020",I,"0.45","0.33","0.115","0.365","0.14","0.0825","0.1245","8","8",Kali,Metcalfe,Mote Marine Laboratory,"8",West Coast,"12.3"
"3026",I,"0.495","0.33","0.1","0.44","0.177","0.095","0.15","7","4",Nate,Craig,NOAA Fisheries,"8",West Coast,"12.3"
"3030",I,"0.52","0.41","0.14","0.6625","0.2775","0.1555","0.196","11","5",Haniya,Talley,Prince William Sound Science Center,"8",West Coast,"12.3"
"3033",I,"0.535","0.42","0.145","0.6885","0.273","0.1515","0.237","9","4",Nate,Craig,NOAA Fisheries,"8",West Coast,"12.3"
"3035",M,"0.54","0.42","0.19","0.6855","0.293","0.163","0.38","10","4",Nate,Craig,NOAA Fisheries,"8",West Coast,"12.3"
"3041",F,"0.57","0.47","0.14","0.871","0.385","0.211","0.2315","10","8",Kali,Metcalfe,Mote Marine Laboratory,"8",West Coast,"12.3"
"3069",M,"0.65","0.51","0.175","1.3165","0.6345","0.2605","0.364","12","3",Inaya,Bernard,Stanford University,"8",West Coast,"12.3"
"3080",F,"0.7","0.555","0.22","1.666","0.647","0.4285","0.455","11","9",Danica,Tyler,University of Florida	,"8",West Coast,"12.3"
"3087",I,"0.355","0.27","0.075","0.204","0.3045","0.046","0.0595","7","15",Conan,Dalton,University of Houston,"8",West Coast,"12.3"
"3092",M,"0.495","0.38","0.12","0.474","0.197","0.1065","0.1545","10","10",Hazel,Villa,University of Minnesota,"8",West Coast,"12.3"
"3110",I,"0.38","0.29","0.085","0.2285","0.088","0.0465","0.075","7","14",Santiago,Vaughan,Ohio State University	,"8",West Coast,"12.3"
"3119",M,"0.51","0.415","0.145","0.751","0.3295","0.1835","0.203","8","11",Naima,Reyes,University of Houston,"8",West Coast,"12.3"
"3138",M,"0.465","0.36","0.105","0.488","0.188","0.0845","0.19","10","4",Nate,Craig,NOAA Fisheries,"8",West Coast,"12.3"
"3145",F,"0.625","0.48","0.2","1.3235","0.6075","0.3055","0.355","9","7",Iona,Connolly,Florida Atlantic University,"8",West Coast,"12.3"
"3147",M,"0.585","0.45","0.15","1.047","0.4315","0.276","0.315","14","3",Inaya,Bernard,Stanford University,"8",West Coast,"12.3"
"3162",F,"0.335","0.22","0.07","0.17","0.076","0.0365","0.05","6","15",Conan,Dalton,University of Houston,"8",West Coast,"12.3"
"3170",M,"0.56","0.45","0.155","0.9125","0.3595","0.271","0.35","10","9",Danica,Tyler,University of Florida	,"8",West Coast,"12.3"
"3172",M,"0.525","0.405","0.16","0.792","0.316","0.1455","0.28","13","10",Hazel,Villa,University of Minnesota,"8",West Coast,"12.3"
"3177",F,"0.49","0.38","0.13","0.539","0.229","0.1355","0.165","12","3",Inaya,Bernard,Stanford University,"8",West Coast,"12.3"
"3192",M,"0.65","0.515","0.18","1.3315","0.5665","0.347","0.405","13","2",Tiegan,Davie,"University of California, Davis","8",West Coast,"12.3"
"3217",M,"0.63","0.51","0.19","1.4985","0.4125","0.3075","0.545","16","1",Jan,Odom,University of Houston,"8",West Coast,"12.3"
"3223",M,"0.52","0.435","0.195","0.973","0.2985","0.2135","0.355","18","11",Naima,Reyes,University of Houston,"8",West Coast,"12.3"
"3225",M,"0.64","0.525","0.2","1.3765","0.44","0.3075","0.47","16","9",Danica,Tyler,University of Florida	,"8",West Coast,"12.3"
"3226",I,"0.44","0.35","0.12","0.375","0.1425","0.0965","0.115","9","4",Nate,Craig,NOAA Fisheries,"8",West Coast,"12.3"
"3229",I,"0.42","0.325","0.125","0.3915","0.1575","0.1025","0.115","9","13",Betty,Berg,University of Houston,"8",West Coast,"12.3"
"3232",M,"0.41","0.325","0.12","0.3745","0.158","0.081","0.125","12","12",Rebecca,Bennett,University of Houston,"8",West Coast,"12.3"
"3238",M,"0.635","0.51","0.155","1.156","0.428","0.289","0.315","18","6",Martin,Gaines,San Diego State University,"8",West Coast,"12.3"
"3243",M,"0.635","0.48","0.19","1.467","0.5825","0.303","0.42","15","12",Rebecca,Bennett,University of Houston,"8",West Coast,"12.3"
"3245",F,"0.69","0.555","0.205","1.8165","0.7785","0.4395","0.515","19","12",Rebecca,Bennett,University of Houston,"8",West Coast,"12.3"
"3258",M,"0.505","0.385","0.11","0.655","0.3185","0.15","0.185","9","4",Nate,Craig,NOAA Fisheries,"8",West Coast,"12.3"
"3263",F,"0.595","0.485","0.145","1.2515","0.5035","0.2925","0.33","14","10",Hazel,Villa,University of Minnesota,"8",West Coast,"12.3"
"3273",M,"0.465","0.36","0.125","0.4365","0.169","0.1075","0.145","11","10",Hazel,Villa,University of Minnesota,"8",West Coast,"12.3"
"3276",M,"0.46","0.355","0.11","0.415","0.215","0.082","0.13","12","13",Betty,Berg,University of Houston,"8",West Coast,"12.3"
"3279",M,"0.525","0.415","0.16","0.6445","0.26","0.1575","0.22","12","11",Naima,Reyes,University of Houston,"8",West Coast,"12.3"
"3287",F,"0.62","0.51","0.175","1.1255","0.4985","0.227","0.315","14","12",Rebecca,Bennett,University of Houston,"8",West Coast,"12.3"
"3329",I,"0.575","0.475","0.17","0.967","0.3775","0.284","0.275","13","9",Danica,Tyler,University of Florida	,"8",West Coast,"12.3"
"3335",I,"0.39","0.3","0.105","0.259","0.0955","0.038","0.085","8","5",Haniya,Talley,Prince William Sound Science Center,"8",West Coast,"12.3"
"3343",M,"0.43","0.33","0.095","0.34","0.1315","0.085","0.112","14","5",Haniya,Talley,Prince William Sound Science Center,"8",West Coast,"12.3"
"3345",I,"0.495","0.38","0.145","0.515","0.175","0.098","0.212","13","15",Conan,Dalton,University of Houston,"8",West Coast,"12.3"
"3353",F,"0.52","0.405","0.145","0.829","0.3535","0.1685","0.205","15","11",Naima,Reyes,University of Houston,"8",West Coast,"12.3"
"3361",F,"0.58","0.44","0.175","1.073","0.4005","0.2345","0.335","19","1",Jan,Odom,University of Houston,"8",West Coast,"12.3"
"3362",M,"0.41","0.315","0.095","0.306","0.121","0.0735","0.09","9","4",Nate,Craig,NOAA Fisheries,"8",West Coast,"12.3"
"3366",I,"0.44","0.31","0.115","0.3625","0.134","0.082","0.12","11","2",Tiegan,Davie,"University of California, Davis","8",West Coast,"12.3"
"3373",I,"0.44","0.33","0.135","0.522","0.17","0.0905","0.195","16","9",Danica,Tyler,University of Florida	,"8",West Coast,"12.3"
"3378",I,"0.255","0.19","0.07","0.0815","0.028","0.016","0.031","5","4",Nate,Craig,NOAA Fisheries,"8",West Coast,"12.3"
"3379",M,"0.335","0.255","0.075","0.1635","0.0615","0.0345","0.057","8","12",Rebecca,Bennett,University of Houston,"8",West Coast,"12.3"
"3382",M,"0.545","0.435","0.165","0.9955","0.3245","0.2665","0.325","19","6",Martin,Gaines,San Diego State University,"8",West Coast,"12.3"
"3385",F,"0.305","0.225","0.07","0.1485","0.0585","0.0335","0.045","7","10",Hazel,Villa,University of Minnesota,"8",West Coast,"12.3"
"3407",I,"0.35","0.28","0.075","0.196","0.082","0.04","0.064","8","7",Iona,Connolly,Florida Atlantic University,"8",West Coast,"12.3"
"3433",I,"0.36","0.27","0.09","0.219","0.097","0.0405","0.065","6","1",Jan,Odom,University of Houston,"8",West Coast,"12.3"
"3435",I,"0.37","0.28","0.09","0.2565","0.1255","0.0645","0.0645","6","5",Haniya,Talley,Prince William Sound Science Center,"8",West Coast,"12.3"
"3439",I,"0.43","0.335","0.105","0.378","0.188","0.0785","0.09","6","4",Nate,Craig,NOAA Fisheries,"8",West Coast,"12.3"
"3441",I,"0.465","0.37","0.1","0.5055","0.234","0.11","0.14","7","7",Iona,Connolly,Florida Atlantic University,"8",West Coast,"12.3"
"3446",I,"0.495","0.4","0.145","0.578","0.2545","0.1305","0.1645","8","10",Hazel,Villa,University of Minnesota,"8",West Coast,"12.3"
"3447",I,"0.5","0.385","0.11","0.596","0.3015","0.104","0.151","8","7",Iona,Connolly,Florida Atlantic University,"8",West Coast,"12.3"
"3468",M,"0.66","0.525","0.18","1.478","0.5815","0.381","0.372","10","1",Jan,Odom,University of Houston,"8",West Coast,"12.3"
"3476",I,"0.4","0.315","0.085","0.2675","0.116","0.0585","0.0765","6","10",Hazel,Villa,University of Minnesota,"8",West Coast,"12.3"
"3484",I,"0.47","0.355","0.115","0.4155","0.167","0.084","0.139","7","7",Iona,Connolly,Florida Atlantic University,"8",West Coast,"12.3"
"3501",M,"0.6","0.41","0.145","0.939","0.4475","0.196","0.268","8","10",Hazel,Villa,University of Minnesota,"8",West Coast,"12.3"
"3508",F,"0.64","0.5","0.165","1.1635","0.554","0.239","0.32","11","15",Conan,Dalton,University of Houston,"8",West Coast,"12.3"
"3514",F,"0.66","0.5","0.175","1.3275","0.556","0.2805","0.4085","9","7",Iona,Connolly,Florida Atlantic University,"8",West Coast,"12.3"
"3525",I,"0.32","0.24","0.085","0.131","0.0615","0.0265","0.038","6","10",Hazel,Villa,University of Minnesota,"8",West Coast,"12.3"
"3531",I,"0.36","0.265","0.09","0.2055","0.096","0.037","0.0585","7","5",Haniya,Talley,Prince William Sound Science Center,"8",West Coast,"12.3"
"3543",I,"0.455","0.435","0.11","0.4265","0.195","0.09","0.1205","8","2",Tiegan,Davie,"University of California, Davis","8",West Coast,"12.3"
"3548",I,"0.48","0.355","0.125","0.494","0.2385","0.0835","0.15","9","6",Martin,Gaines,San Diego State University,"8",West Coast,"12.3"
"3551",M,"0.505","0.39","0.115","0.5585","0.2575","0.119","0.1535","8","2",Tiegan,Davie,"University of California, Davis","8",West Coast,"12.3"
"3600",M,"0.735","0.555","0.22","2.333","1.2395","0.3645","0.6195","12","8",Kali,Metcalfe,Mote Marine Laboratory,"8",West Coast,"12.3"
"3607",F,"0.51","0.375","0.11","0.5805","0.2865","0.118","0.148","7","9",Danica,Tyler,University of Florida	,"8",West Coast,"12.3"
"3627",M,"0.69","0.53","0.19","1.5955","0.678","0.331","0.48","10","9",Danica,Tyler,University of Florida	,"8",West Coast,"12.3"
"3664",I,"0.55","0.4","0.135","0.717","0.3315","0.1495","0.221","9","1",Jan,Odom,University of Houston,"8",West Coast,"12.3"
"3665",I,"0.555","0.43","0.15","0.783","0.345","0.1755","0.247","9","1",Jan,Odom,University of Houston,"8",West Coast,"12.3"
"3680",M,"0.61","0.45","0.19","1.0805","0.517","0.2495","0.2935","10","15",Conan,Dalton,University of Houston,"8",West Coast,"12.3"
"3688",I,"0.625","0.485","0.16","1.15","0.5255","0.257","0.3315","11","12",Rebecca,Bennett,University of Houston,"8",West Coast,"12.3"
"3696",F,"0.65","0.52","0.195","1.281","0.5985","0.246","0.3825","10","10",Hazel,Villa,University of Minnesota,"8",West Coast,"12.3"
"3704",F,"0.67","0.51","0.155","1.278","0.5605","0.3045","0.358","11","12",Rebecca,Bennett,University of Houston,"8",West Coast,"12.3"
"3724",I,"0.47","0.355","0.12","0.4915","0.1765","0.1125","0.1325","9","8",Kali,Metcalfe,Mote Marine Laboratory,"8",West Coast,"12.3"
"3725",F,"0.485","0.365","0.15","0.9145","0.4145","0.199","0.273","7","15",Conan,Dalton,University of Houston,"8",West Coast,"12.3"
"3745",I,"0.275","0.205","0.065","0.101","0.041","0.021","0.034","5","5",Haniya,Talley,Prince William Sound Science Center,"8",West Coast,"12.3"
"3748",I,"0.385","0.29","0.1","0.2575","0.1","0.061","0.086","6","14",Santiago,Vaughan,Ohio State University	,"8",West Coast,"12.3"
"3752",I,"0.45","0.335","0.115","0.3935","0.195","0.071","0.11","7","10",Hazel,Villa,University of Minnesota,"8",West Coast,"12.3"
"3768",M,"0.555","0.46","0.16","0.86","0.3345","0.1935","0.275","10","5",Haniya,Talley,Prince William Sound Science Center,"8",West Coast,"12.3"
"3776",M,"0.58","0.45","0.155","0.8275","0.321","0.1975","0.2445","8","2",Tiegan,Davie,"University of California, Davis","8",West Coast,"12.3"
"3789",F,"0.63","0.475","0.15","1.072","0.433","0.2975","0.315","8","5",Haniya,Talley,Prince William Sound Science Center,"8",West Coast,"12.3"
"3791",F,"0.65","0.505","0.175","1.2075","0.5105","0.262","0.39","10","1",Jan,Odom,University of Houston,"8",West Coast,"12.3"
"3793",F,"0.655","0.52","0.175","1.472","0.6275","0.27","0.45","13","2",Tiegan,Davie,"University of California, Davis","8",West Coast,"12.3"
"3794",F,"0.665","0.525","0.18","1.5785","0.678","0.229","0.456","14","2",Tiegan,Davie,"University of California, Davis","8",West Coast,"12.3"
"3800",F,"0.705","0.56","0.17","1.4575","0.607","0.318","0.44","11","9",Danica,Tyler,University of Florida	,"8",West Coast,"12.3"
"3811",I,"0.525","0.4","0.125","0.5655","0.2435","0.119","0.175","8","1",Jan,Odom,University of Houston,"8",West Coast,"12.3"
"3813",F,"0.61","0.49","0.17","1.137","0.4605","0.2825","0.344","12","7",Iona,Connolly,Florida Atlantic University,"8",West Coast,"12.3"
"3823",F,"0.605","0.48","0.175","1.1685","0.4815","0.2305","0.356","9","13",Betty,Berg,University of Houston,"8",West Coast,"12.3"
"3831",M,"0.5","0.385","0.12","0.6335","0.2305","0.125","0.235","14","1",Jan,Odom,University of Houston,"8",West Coast,"12.3"
"3837",M,"0.41","0.325","0.1","0.3555","0.146","0.072","0.105","9","15",Conan,Dalton,University of Houston,"8",West Coast,"12.3"
"3838",I,"0.17","0.105","0.035","0.034","0.012","0.0085","0.005","4","11",Naima,Reyes,University of Houston,"8",West Coast,"12.3"
"3864",F,"0.655","0.5","0.18","1.4155","0.508","0.314","0.445","18","9",Danica,Tyler,University of Florida	,"8",West Coast,"12.3"
"3869",F,"0.44","0.34","0.135","0.3975","0.1505","0.0945","0.135","8","4",Nate,Craig,NOAA Fisheries,"8",West Coast,"12.3"
"3885",I,"0.29","0.225","0.075","0.152","0.071","0.059","0.045","9","14",Santiago,Vaughan,Ohio State University	,"8",West Coast,"12.3"
"3895",M,"0.495","0.38","0.135","0.6295","0.263","0.1425","0.215","12","7",Iona,Connolly,Florida Atlantic University,"8",West Coast,"12.3"
"3904",M,"0.635","0.48","0.235","1.064","0.413","0.228","0.36","16","6",Martin,Gaines,San Diego State University,"8",West Coast,"12.3"
"3914",I,"0.54","0.4","0.145","0.757","0.315","0.181","0.215","11","8",Kali,Metcalfe,Mote Marine Laboratory,"8",West Coast,"12.3"
"3916",I,"0.56","0.445","0.165","1.0285","0.4535","0.253","0.275","11","15",Conan,Dalton,University of Houston,"8",West Coast,"12.3"
"3932",I,"0.55","0.44","0.165","0.8605","0.312","0.169","0.3","17","13",Betty,Berg,University of Houston,"8",West Coast,"12.3"
"3954",I,"0.465","0.355","0.12","0.5805","0.255","0.0915","0.184","8","5",Haniya,Talley,Prince William Sound Science Center,"8",West Coast,"12.3"
"3962",M,"0.695","0.55","0.205","2.173","1.133","0.4665","0.496","10","1",Jan,Odom,University of Houston,"8",West Coast,"12.3"
"3974",I,"0.415","0.33","0.1","0.3905","0.1925","0.0755","0.1025","7","6",Martin,Gaines,San Diego State University,"8",West Coast,"12.3"
"3982",M,"0.565","0.455","0.15","0.9795","0.444","0.205","0.275","8","10",Hazel,Villa,University of Minnesota,"8",West Coast,"12.3"
"3986",M,"0.63","0.48","0.185","1.21","0.53","0.2555","0.322","11","5",Haniya,Talley,Prince William Sound Science Center,"8",West Coast,"12.3"
"3989",M,"0.665","0.515","0.165","1.3855","0.621","0.302","0.3445","8","11",Naima,Reyes,University of Houston,"8",West Coast,"12.3"
"3990",F,"0.67","0.52","0.195","1.8065","0.758","0.3735","0.5055","11","4",Nate,Craig,NOAA Fisheries,"8",West Coast,"12.3"
"3994",M,"0.72","0.6","0.235","2.2385","0.984","0.411","0.621","12","7",Iona,Connolly,Florida Atlantic University,"8",West Coast,"12.3"
"4004",I,"0.51","0.39","0.125","0.597","0.293","0.1265","0.1555","8","6",Martin,Gaines,San Diego State University,"8",West Coast,"12.3"
"4024",I,"0.275","0.2","0.07","0.096","0.037","0.0225","0.03","6","10",Hazel,Villa,University of Minnesota,"8",West Coast,"12.3"
"4037",I,"0.54","0.42","0.14","0.74","0.3595","0.159","0.1985","8","14",Santiago,Vaughan,Ohio State University	,"8",West Coast,"12.3"
"4041",F,"0.575","0.45","0.12","0.9585","0.447","0.169","0.275","12","5",Haniya,Talley,Prince William Sound Science Center,"8",West Coast,"12.3"
"4049",F,"0.625","0.495","0.16","1.234","0.6335","0.192","0.35","13","3",Inaya,Bernard,Stanford University,"8",West Coast,"12.3"
"4060",M,"0.515","0.39","0.12","0.6125","0.302","0.1365","0.1415","8","7",Iona,Connolly,Florida Atlantic University,"8",West Coast,"12.3"
"4075",I,"0.52","0.4","0.14","0.622","0.278","0.1455","0.169","8","2",Tiegan,Davie,"University of California, Davis","8",West Coast,"12.3"
"4089",M,"0.6","0.47","0.13","1.0105","0.423","0.219","0.298","9","10",Hazel,Villa,University of Minnesota,"8",West Coast,"12.3"
"4092",M,"0.625","0.5","0.18","1.3705","0.645","0.303","0.3705","12","2",Tiegan,Davie,"University of California, Davis","8",West Coast,"12.3"
"4095",M,"0.63","0.53","0.175","1.4135","0.667","0.2945","0.3555","13","1",Jan,Odom,University of Houston,"8",West Coast,"12.3"
"4099",F,"0.65","0.495","0.16","1.3105","0.577","0.3315","0.355","9","11",Naima,Reyes,University of Houston,"8",West Coast,"12.3"
"4105",F,"0.71","0.545","0.175","1.907","0.8725","0.4565","0.475","11","5",Haniya,Talley,Prince William Sound Science Center,"8",West Coast,"12.3"
"4115",F,"0.57","0.45","0.15","0.9645","0.531","0.189","0.209","9","5",Haniya,Talley,Prince William Sound Science Center,"8",West Coast,"12.3"
"4120",I,"0.3","0.215","0.05","0.1185","0.048","0.0225","0.042","4","1",Jan,Odom,University of Houston,"8",West Coast,"12.3"
"4148",M,"0.695","0.55","0.195","1.6645","0.727","0.36","0.445","11","2",Tiegan,Davie,"University of California, Davis","8",West Coast,"12.3"
"4153",I,"0.37","0.28","0.09","0.218","0.0995","0.0545","0.0615","7","8",Kali,Metcalfe,Mote Marine Laboratory,"8",West Coast,"12.3"
"4157",M,"0.475","0.37","0.11","0.4895","0.2185","0.107","0.146","8","9",Danica,Tyler,University of Florida	,"8",West Coast,"12.3"
"4160",F,"0.56","0.44","0.135","0.8025","0.35","0.1615","0.259","9","6",Martin,Gaines,San Diego State University,"8",West Coast,"12.3"
