program_genre,original_name
Action,Kidnap
Animation,Pingu  
Comedy,Going in tyle
Action,Men In Black
Comedy,Baywatch
Animation,The Boss Baby
Action,Men In Black
Animation,Teletubbies  
Animation,Teletubbies  
Animation,In the Night Garden  
Animation,Pingu  
Animation,Teletubbies  
Animation,Teletubbies  
Animation,In the Night Garden  
Animation,Teletubbies  
Animation,Teletubbies  
Animation,Oscar's Oasis  
Animation,Teletubbies  
Animation,Teletubbies  
Animation,Oscar's Oasis  
Animation,Pingu  
Animation,Teletubbies  
Animation,Fireman am 
Animation,Oscar's Oasis  
Animation,Teletubbies  
Animation,Teletubbies  
Animation,Teletubbies  
Animation,Pingu  
Animation,Teletubbies  
Animation,Oscar's Oasis  
Animation,Teletubbies  
Animation,In the Night Garden  
Animation,Pingu  
Animation,Teletubbies  
Animation,Pingu  
Animation,Oscar's Oasis  
Animation,Pingu  
Animation,Thomas And Friends  
Animation,Pingu  
Animation,Teletubbies  
Animation,Teletubbies  
Animation,Teletubbies  
Animation,Teletubbies  
Animation,In the Night Garden  
Animation,Oscar's Oasis  
Animation,Teletubbies  
Animation,Teletubbies  
Animation,In the Night Garden  
Animation,Teletubbies  
Animation,Pingu  
Animation,Teletubbies  
Animation,Teletubbies  
Animation,Teletubbies  
Animation,Oscar's Oasis  
Animation,Teletubbies  
Animation,Oscar's Oasis  
Animation,Dragon Ball Z: Resurrection F
Animation,Pingu  
Animation,Nan and Lili  
Animation,In the Night Garden  
Animation,In the Night Garden  
Animation,Teletubbies  
Animation,Pingu  
Animation,Teletubbies  
Animation,In the Night Garden  
Animation,Teletubbies  
Animation,Teletubbies  
Animation,Pingu  
Animation,Teletubbies  
Animation,Oscar's Oasis  
Animation,Pingu  
Animation,Teletubbies  
Animation,Marcus Level  (T)
Family,Taymour  
Animation,Teletubbies  
Animation,Teletubbies  
Animation,Fireman am 
Animation,Teletubbies  
Animation,Oscar's Oasis  
Animation,Oscar's Oasis  
Animation,Fireman am 
Animation,Teletubbies  
Animation,Teletubbies  
Animation,Pingu  
Animation,Teletubbies  
Animation,Teletubbies  
Animation,Pingu  
Animation,Teletubbies  
Drama,24
Animation,Teletubbies  
Animation,Pingu  
Animation,Teletubbies  
Animation,Teletubbies  
Animation,In the Night Garden  
Animation,Teletubbies  
Animation,Teletubbies  
Comedy,Along Came Polly
Animation,Trolls
Animation,The Boss Baby
Comedy,Along Came Polly
Animation,The Boss Baby
Comedy,Along Came Polly
Comedy,Along Came Polly
Comedy,Along Came Polly
Comedy,Along Came Polly
Animation,The Boss Baby
Animation,Trolls
Comedy,Along Came Polly
Comedy,Along Came Polly
Animation,Trolls
Comedy,Along Came Polly
Comedy,Along Came Polly
Comedy,Along Came Polly
Comedy,Along Came Polly
Comedy,Along Came Polly
Animation,Trolls
Comedy,Along Came Polly
Animation,Trolls
Comedy,Along Came Polly
Comedy,Along Came Polly
Comedy,Along Came Polly
Animation,Trolls
Comedy,Along Came Polly
Comedy,Along Came Polly
Comedy,Along Came Polly
